Timestamp,inst_retired.any,cycles,cpu_clk_unhalted.thread,cpu_clk_unhalted.ref_tsc,msr/tsc/,fp_arith_inst_retired.scalar_single,fp_arith_inst_retired.scalar_double,fp_arith_inst_retired.128b_packed_double,fp_arith_inst_retired.128b_packed_single,fp_arith_inst_retired.256b_packed_double,fp_arith_inst_retired.256b_packed_single,cpu_clk_thread_unhalted.one_thread_active,cpu_clk_thread_unhalted.ref_xclk_any,cpu_clk_unhalted.ref_tsc:u,uops_issued.any,uops_retired.retire_slots,icache_64b.iftag_hit,icache_64b.iftag_miss,idq.dsb_uops,lsd.uops,idq.mite_uops,idq.ms_uops,l1d_pend_miss.pending,l1d_pend_miss.pending_cycles_any,l1d_pend_miss.pending_cycles,mem_load_retired.l1_miss,mem_load_retired.fb_hit,uops_executed.thread,uops_executed.core_cycles_ge_1
     0.100207373,1411900861,242183958,240841105,210861717,212805282,0,0,0,0,0,0,1813137,1852584,181882018,103363683,631296500,9584753,31729,320946522,0,1333772,319325,133815248,46635523,46636210,2635189,1038922,825455525,223031084
     0.202158528,1870797896,314078012,313968126,275763111,276095254,0,0,0,0,0,0,2415332,2428210,274217596,1116134911,1004927257,212372752,9126,1185249100,0,168574,78105,28524274,28401810,28401742,1446598,4944,971533033,288785596
     0.302482823,676216245,308060628,309497501,271724708,271691693,0,0,0,0,0,0,2404416,2404420,271570817,1098517366,346254259,209052996,10144,1028450203,0,2005132,101272,160801048,189025295,189025907,3968749,1358067,810455696,242143808
     0.402838630,2005384100,309732365,309707325,271017182,271950989,0,0,0,0,0,0,2380123,2397135,270070109,671857621,1000323184,155312567,99018,992836517,0,1681224,317602,27647510,36820336,28706529,1397547,4089,1065963979,286779212
     0.503162608,863855653,308165038,308444032,271347210,271816356,0,0,0,0,0,0,2326536,2404026,271002540,1095511869,553271127,208761332,20872,1165621063,0,163342,77532,294464920,3308938,3308937,12222535,649127,629512117,205772451
     0.603497538,1996307434,309573609,309420371,271412082,271872921,0,0,0,0,0,0,2346108,2395067,270155977,868014761,998918350,166031937,16450,812535808,0,14374827,372558,27463318,27450220,27450197,1384811,4816,1053007703,285761389
     0.703918265,1503864323,308772283,308628046,271802331,271938406,0,0,0,0,0,0,2406532,2406534,271786046,710229409,851376534,84049911,28404,1041635605,0,1557242,318300,4372757,62384476,32404600,462588,1689698,828730031,237962554
     0.804262519,1774477343,309565174,309617370,271713791,271939386,0,0,0,0,0,0,2388685,2394462,269945748,1102349630,927122074,209503518,7050,1166568489,0,148665,77443,27171175,39556729,36533697,1373953,137281,1034254831,280692380
     0.904582482,1743391161,308616757,307221821,270906726,270885870,0,0,0,0,0,0,2397538,2397543,270793111,953737459,783854774,128358220,13014,756801559,0,1065443,2503079,201420193,71855566,69089689,3630107,1640470,1014907800,275219545
     1.004919129,1965690390,309740585,309089803,271226679,271854842,0,0,0,0,0,0,2023240,2393898,269463084,1015994810,995072934,199319936,49594,1155151613,0,216174,99095,27725739,28344024,28155542,1412852,4264,1051199673,280080344
     1.105272148,821844316,308154010,308576647,271819556,271925882,0,0,0,0,0,0,2179778,2392582,270013206,1090024705,332021601,207060232,11753,932561892,0,2255609,125186,156544249,124362106,124361849,3269095,1217587,865298172,252125606
     1.205629804,1998628003,309837908,309765387,271285169,271996809,0,0,0,0,0,0,2398096,2403951,270921826,834450731,997626630,186053908,27241,1156532761,0,199786,109152,27310243,27631200,27631208,1393245,4792,1064284053,286329645
     1.305980439,646036014,307738228,309508278,271396747,271907375,0,0,0,0,0,0,2334911,2405080,271412454,971305496,321148653,194473854,23359,1041808093,0,5886645,146451,365766072,62809838,57993052,12144074,1410932,704440141,222757395
     1.406328258,1911110418,308611490,309309671,271633330,271867694,0,0,0,0,0,0,2389709,2400076,270960886,1043530122,995919682,203569247,27194,1043108839,0,1127542,182774,30508823,70106917,34599467,1379587,2987,997771071,285467426
     1.506670879,1453545401,309445774,307247387,269725747,271618557,0,0,0,0,0,0,2394425,2404877,271595884,649618634,872798684,95294449,14886,990534336,0,2574407,424748,21973656,16247850,16247852,836812,128643,712294263,222273384
     1.607020698,1720281455,309704690,309026695,271748145,271866477,0,0,0,0,0,0,2370192,2394313,269945925,1100150776,871873523,209148461,17195,1167069458,0,155428,77965,15018793,27758859,27758858,917862,1274964,964316966,264296796
     1.707344758,1965622932,309404159,308911658,271690810,271858989,0,0,0,0,0,0,2398497,2398674,271064688,956148355,963028312,125500757,12477,439478000,0,870577,617450,74439265,78065958,78065908,2277269,556351,1059977503,285966638
     1.807724928,1766895292,309881074,309410148,271472472,271838406,0,0,0,0,0,0,2178665,2401481,270307529,1102083401,955769852,209668533,9035,1168457524,0,155318,77383,27931540,27469942,27469965,1430685,4843,1112511139,285997666
     1.908056076,1409661997,309234328,309791464,271343360,272057427,0,0,0,0,0,0,2315812,2398837,270511427,972411927,530934100,155959881,65938,999585978,0,3440353,2981235,180759004,69353505,68496309,2732132,1226844,1003918314,276608420
     2.008398315,1995905714,309817746,309670202,271523149,271925159,0,0,0,0,0,0,2366082,2405398,271100713,1021182268,996040858,201127723,16431,1166287539,0,182788,77094,27752540,27447558,27447536,1419256,4716,1064941572,284339253
     2.108727641,653167265,309212299,308625823,269293667,271887227,0,0,0,0,0,0,2325595,2397147,270557015,871543403,305124744,187641725,11716,1051314750,0,1281803,119959,158764605,155587031,155586867,3276421,1099774,804354988,241973995
     2.209083185,1682107412,309426488,308695084,271752367,271781094,0,0,0,0,0,0,2392713,2403191,270867037,1100558084,796647839,209235640,13708,1167355461,0,159571,75433,238932379,15687537,15687598,9740799,549365,965382062,270930324
     2.309455129,1537832918,309640927,309432701,271469959,271926251,0,0,0,0,0,0,2406065,2406022,271667471,730275459,839709496,151844001,13802,978366403,0,2396690,303542,27358344,27648873,27648796,1407535,5471,886135611,255179929
     2.409789158,1298687205,309378642,309312035,271678025,271837898,0,0,0,0,0,0,2381270,2395278,270599936,1102137324,814122214,209435086,7437,1166813729,0,152428,78283,3119006,7200589,7200589,327618,527581,712925457,218681557
     2.510152659,1985399624,309770053,309653175,271688017,271986612,0,0,0,0,0,0,2195438,2404382,270977376,648999437,988821590,84112109,27246,903751828,0,6729564,392127,28546804,32783117,27940476,1415224,4166,1056313629,286164156
     2.610484772,1613102906,306546510,309125493,268416067,271701733,0,0,0,0,0,0,2354243,2396100,269868194,905047349,891067832,172435356,101416,1151507337,0,847654,92774,28626990,37231070,30623235,1428931,3560,1055237513,277390836
     2.710810755,724515306,303975971,308005343,270617037,271258160,0,0,0,0,0,0,2303888,2386622,265723997,943891350,319889106,167396182,17341,984167309,0,6318396,1583802,167542684,81367284,80646996,2913175,1175337,764955390,227532002
     2.811130224,1636154759,306665091,307231977,271517243,271682030,0,0,0,0,0,0,2361865,2393218,270059615,968433116,803732172,194525659,28017,972242764,0,2355479,514546,33855540,37957272,31406070,1353657,9122,941589869,259995690
     2.911454381,1539834572,308379476,308705472,271654449,271648619,0,0,0,0,0,0,2392037,2403997,271500270,817917836,897956865,104220201,39017,719219249,0,1826940,523998,15510080,48524039,48252419,912982,844889,807126165,234695645
     3.011834875,1840821902,309201784,309614693,271839185,272025044,0,0,0,0,0,0,2395510,2395720,270461613,1104369013,942707220,209884446,6462,1169348264,0,142941,77293,27504686,27422000,27422139,1392125,4678,1088379661,286371073
     3.112173406,1545669873,309329235,308746159,271713562,271922703,0,0,0,0,0,0,2370542,2403632,271405099,1003191383,604682949,150686765,13759,927116578,0,1805042,4113165,208661205,66811822,66811556,3228454,1415410,1032537246,280452915
     3.212482904,1981455545,308375442,308606394,271337330,271801310,0,0,0,0,0,0,1986794,2393958,270080292,924116451,984639872,184954183,33802,1163134373,0,172062,80612,30470623,51064794,41322603,1374207,4064,1035065400,280568308
     3.312794508,651498036,308040635,309300188,271571849,271802802,0,0,0,0,0,0,2388518,2402221,271179207,1084430431,342727191,206314935,13441,1102536671,0,575244,124098,216564464,158068162,158068225,6090813,1477613,763291553,233507352
     3.413124333,1993519070,308594062,309639731,271008200,271920737,0,0,0,0,0,0,2370982,2400542,271050378,853350242,993500272,185625499,28560,1025318119,0,1178893,206015,27912103,27902513,27902498,1402527,4590,1060517946,285868875
     3.513467281,797760489,309190648,308454971,270462961,271836950,0,0,0,0,0,0,2404902,2404909,271537343,856785843,494500959,165951556,17680,1072269866,0,1423104,239738,390081832,3657033,3657036,15693990,892215,636577169,206049669
     3.613801680,1993966000,309462560,308246294,270479858,271512268,0,0,0,0,0,0,2044356,2389990,267400246,719745366,992297805,149089080,126247,1163714993,0,200534,82775,27591856,29750137,29100207,1400986,4033,1064138317,286533065
     3.714133181,1503707871,307326848,308467590,271434937,271538548,0,0,0,0,0,0,2347097,2388248,267968377,1096612286,852506415,208602654,13932,1119425343,0,1413246,344784,18863751,5346271,4150761,611945,181254,826433619,238192320
     3.814460696,1749031064,309195085,307293941,269401456,271586469,0,0,0,0,0,0,2115554,2390762,268248860,770885898,744528088,94543520,57659,275259344,0,2658527,1406790,332512865,139830429,118696127,2666875,969163,943226526,263604021
     3.914787533,1944410409,308150248,308185025,270483393,271737190,0,0,0,0,0,0,2234151,2384286,267392496,555104154,992519445,131107271,109632,1162977610,0,194597,86819,28150239,99927572,91218105,1409417,3735,932950693,256721073
     4.015134639,721294131,283514595,278608170,250294517,249970646,0,0,0,0,0,0,2213408,2213405,249832496,992314060,376292547,188507653,9688,907571625,0,2435128,273880,12864711,3862976,2214844,372963,58567,425282519,219445974
     4.115455107,501327413,286035179,295450919,264348018,264467034,0,0,0,0,0,0,312558,2326077,261956972,520117557,360740819,134876043,247882,677959124,0,59540375,1034565,7887003,49098420,5309691,172893,14491,142759396,86335143
     4.215869533,105988802,296449354,293612298,255477017,261036472,0,0,0,0,0,0,249310,2270985,255175767,593192357,72944631,151060401,78002,627008111,0,23341652,1362732,232790854,171405093,77111646,2126775,87523,27404163,119403751
     4.316388547,315074896,306027293,307141556,260846147,270431275,0,0,0,0,0,0,177135,2349916,264820928,158050054,186158408,42397106,29134,309217429,0,3481679,795731,57930003,8238771,1916098,1545418,24845,94177853,246067442
     4.417509508,51759247,295635977,310425765,267348560,273353163,0,0,0,0,0,0,0,2395443,269414219,49925467,22695231,6857755,72416,29705039,0,11335038,728209,280802626,280149386,272036746,802782,6452,24410884,83565321
     4.517877146,303848136,275516330,299398132,265529599,269985670,0,0,0,0,0,0,77244,2377561,267665555,28589818,79960321,4093238,54226,19822837,0,10137182,893143,250688008,261810801,255157240,623519,6425,336124259,193236979
     4.618233044,63206246,248153658,280556509,269687208,270558326,0,0,0,0,0,0,485179,2383111,268053978,25439274,27638782,3764795,74250,26442967,0,2979359,1057476,223217975,238915341,230810317,1117366,6890,102781585,129647967
     4.718496475,720787106,278080592,302092269,268267165,271460809,0,0,0,0,0,0,369948,2366624,266214420,27351207,247618530,3937683,48025,21505940,0,3452636,873735,220461917,245938755,236331146,715172,7684,577810701,188380729
     4.818792677,165216815,308638052,301091427,270190666,270830983,0,0,0,0,0,0,2115488,2380676,267419776,620011782,107335573,155311987,129205,938562705,0,8120962,820840,205594223,252376091,242699333,6136310,15972,35973481,46308204
     4.919174406,511057293,308038542,308975449,267798314,271237713,0,0,0,0,0,0,1156794,2396386,268889891,506179006,369453130,117404004,28625,658920638,0,41071226,1427902,23348584,2688906,1145044,255643,32525,174736456,85996783
     5.019861958,813347370,309420788,308895933,271610739,272246123,0,0,0,0,0,0,1789901,2391135,269750835,435163749,408299846,107511313,121035,360734343,0,2626627,1062074,30779588,77794725,16648813,220319,25942,517809288,243882701
     5.120239669,664621072,295847854,307009187,268167658,271141145,0,0,0,0,0,0,1936809,2375291,267576753,56999892,293894838,10359541,43229,683567146,0,14109008,1130278,135246867,153513005,146022376,1006192,12044,490946494,190391647
     5.220622284,525422188,282283629,298788941,269839774,271339502,0,0,0,0,0,0,1424440,2392261,267848300,655973904,167211396,153049276,27489,24673122,0,6792967,736188,255702932,217238271,214628724,1185686,6291,491795475,165521760
     5.321008085,382010738,308747338,293172034,269374534,271346254,0,0,0,0,0,0,1576522,2372994,267906473,641791958,273830442,157781323,114665,823231042,0,8891147,1874232,118308341,64297227,10242629,1129768,142124,80805436,55351060
     5.421397685,864192967,308917555,308843470,270569588,271942858,0,0,0,0,0,0,2204366,2394685,269723812,36422356,471858403,5261081,67715,466011563,0,1390676,713158,4798297,27056727,14873032,39504,8849,493349767,265465346
     5.521809402,715860952,309156095,307227184,271156296,271682215,0,0,0,0,0,0,1811111,2390414,269408585,820384325,461673528,198453472,24306,667875919,0,13039211,619783,7052903,21153165,3341411,92115,11057,249603014,108241630
     5.622184229,225601166,309122513,302814031,269597605,271982941,0,0,0,0,0,0,747577,2400032,270120786,749397592,193997692,186579767,67002,978470491,0,2249532,676951,168731908,38882849,3114263,2980961,171168,29188735,32819584
     5.722451944,674204108,306825015,308488936,270941316,271385759,0,0,0,0,0,0,1747123,2345824,264697927,447099075,390615476,110779893,24838,771844274,0,8539930,431671,5341255,28685324,3213246,296996,17447,268539493,249165452
     5.822819949,879027010,309277026,307518921,271099927,271828663,0,0,0,0,0,0,1593488,2372638,266566506,236209994,507065047,50342265,41230,573307354,0,52238940,1021755,10928369,88749457,29728046,115001,12351,358151494,138969668
     5.923175020,1018414239,308312722,307618620,271319601,271348807,0,0,0,0,0,0,1394461,2384557,268238364,33353735,502866644,4877830,55379,57746147,0,699164,1035564,30966429,144494541,16457182,192761,25037,559291718,177498359
     6.023550361,766132994,293586827,307317952,270304434,271273895,0,0,0,0,0,0,2127543,2396146,269983409,563229311,319119389,133213413,124239,136014282,0,405579,1336810,163042674,278981245,277725709,1461513,9131,618004180,204661730
     6.123970675,82240169,298748247,289887304,269934382,271361619,0,0,0,0,0,0,1642601,2373193,267438120,762066129,51665690,186488625,111444,768868446,0,20183113,1549135,250588755,248097899,242519199,3169677,10085,30294178,89372162
     6.224274650,561294385,308876025,304059659,269894594,271073529,0,0,0,0,0,0,1062638,2389144,267852273,610500993,372185333,149826398,89374,829796022,0,17975252,1630728,17965789,113008305,17322749,147444,20902,173437948,85496456
     6.324632683,1044220866,309157674,308286961,270003403,271374476,0,0,0,0,0,0,1358518,2391931,269382590,111209750,541651802,24675143,75478,127058200,0,1125019,1039222,19935569,91719053,8618791,61006,18827,648061053,212667047
     6.425038164,618131979,266170336,303831501,270913991,271596548,0,0,0,0,0,0,987521,2380688,267675979,597113479,228068761,141894959,63518,375371373,0,14107800,1190962,176049101,216742950,216405387,4509083,12674,564996390,182977095
     6.525416994,144814823,304646021,279045719,268997286,271583352,0,0,0,0,0,0,1288553,2388137,268409828,54954889,97489297,7453822,48364,51991104,0,1509892,1521296,204589171,174757322,114171389,814390,13118,43091842,44695554
     6.625678753,847767481,298763326,306021530,267946432,271040106,0,0,0,0,0,0,1892015,2375563,267573128,726880331,373992786,179043983,102860,435315040,0,892027,858292,160261209,281139467,277628158,2247179,15165,616562032,203626752
     6.725959636,102409835,301610733,290321070,270743464,271041640,0,0,0,0,0,0,1882825,2377080,268179485,835839700,64823622,202905567,47287,757530842,0,21935572,1060352,233867825,238704619,232875458,4246126,13612,199338521,77279776
     6.826235516,1114892286,308393108,308251008,269478739,271644787,0,0,0,0,0,0,2226452,2389130,269938861,861316278,556181145,209180189,38887,904097146,0,4107995,512436,4355503,58047866,50482148,36663,7704,749786914,221419333
     6.926554776,703578096,307314409,308477734,269603171,271740237,0,0,0,0,0,0,1939354,2395084,269614225,400895832,467501817,91439109,45852,992057222,0,935727,494634,4491961,947643,947644,34467,8328,236266320,104646574
     7.026970685,313433775,309487014,308225784,270719580,272013312,0,0,0,0,0,0,1835962,2395467,269923547,785346913,110519479,191742067,65097,906628530,0,15990046,589182,220728330,162438664,148392442,5279161,14317,393892732,141403778
     7.127335298,505994794,301554718,308162641,271263112,271937235,0,0,0,0,0,0,2161167,2399546,270196790,770392022,116536885,189029827,78873,621151589,0,10004343,701517,255820391,289925759,283950032,2579886,8053,568668079,180854225
     7.227767991,826683336,309705531,307966783,270727020,271942870,0,0,0,0,0,0,1244338,2397137,269029175,260220790,290288076,42101295,23690,366691086,0,7434188,41597267,242028781,177793027,175602140,3854973,55657,722356060,215376313
     7.328113356,779738519,307985720,308368081,270917373,271664215,0,0,0,0,0,0,2171749,2394029,270324509,556981589,388633901,109007985,29830,552577504,0,128625373,1581153,348803968,4761882,4761873,13586664,1873513,627487740,200255846
     7.428463379,1300645545,309434184,308341112,269789976,271698768,0,0,0,0,0,0,2358415,2392765,270461239,1016508064,689317294,195398782,26854,1120322771,0,245942,80139,27290928,6322285,4080473,99856,102719,712931251,218103727
     7.528809270,1559244577,308535309,308243732,271723784,271763709,0,0,0,0,0,0,804260,2383219,268559365,978509395,851484363,187874503,32238,1149907299,0,175083,80365,25963781,41057539,41057388,1240187,746501,1111436920,283645536
     7.629162815,935044473,308715192,308768224,271424606,271501334,0,0,0,0,0,0,2385579,2395375,270126652,1079108042,476408580,207274624,13105,1140268849,0,164473,91644,81900943,116251870,58565539,803015,6751,517072557,173547152
     7.729511816,1839592534,309386688,307194253,271492100,271511171,0,0,0,0,0,0,2097782,2393277,269727000,1076738930,876533900,206713654,10191,937423359,0,6681298,180240,60882338,32398807,32398831,1264152,17474,1037398709,282950922
     7.829876304,1927290198,308643253,308713183,269472557,271947024,0,0,0,0,0,0,2272469,2399598,269433230,691325205,961297387,161167880,55839,1048183363,0,1437070,411876,33167494,85797941,56512612,1471286,3894,983874633,275345188
     7.930224573,882195163,308793248,307759320,270995804,271260146,0,0,0,0,0,0,2075428,2392476,269790428,946556723,472060621,151484571,19397,870789670,0,4973305,748785,82003821,73788938,58410129,792919,6896,510151350,171790326
     8.030608637,1161314817,308720516,308147151,269800946,271570685,0,0,0,0,0,0,2128021,2393617,270150312,711162411,564878835,84274980,16933,323650332,0,3948463,601071,145277327,90928439,83555762,2347786,659824,761125700,232381860
     8.130910216,1202190411,309339196,307866128,269467816,271290951,0,0,0,0,0,0,2317357,2400190,270460356,996605081,640042879,192352776,22522,958290169,0,1700590,133606,417130843,84568431,79181335,14874949,1259914,497955827,188263361
     8.231338983,731345163,307692399,306737549,271117729,271393779,0,0,0,0,0,0,306340,2397845,270158481,340874232,357697178,68032866,13398,284590164,0,1353699,2374401,141603284,168094785,143560905,500505,11609,364554886,227193011
     8.331687667,331605434,306881054,308738342,271397782,271705168,0,0,0,0,0,0,1534913,2389608,268286454,696106175,197828530,81635901,40741,226166571,0,10230567,1166819,222147104,72665766,72665421,2046780,999005,419775183,148607008
     8.432203714,1099486237,298818572,297976739,261614882,262247896,0,0,0,0,0,0,328936,2289395,256946474,420163763,551443087,82879626,27950,425359293,0,2888078,1064860,88565882,166843555,122147509,734319,723104,808703415,267228409
     8.533184971,603262017,305833073,307019694,268136235,270296296,0,0,0,0,0,0,891366,2387123,268810927,579689278,329164211,123302284,66294,489610244,0,28725265,713990,117524841,174549844,128438982,644961,8586,304650756,156917469
     8.633544571,1223187677,308839304,308305814,270767172,271397787,0,0,0,0,0,0,1403288,2385425,268841629,1068728848,686761410,205035807,14237,982502587,0,1940220,229605,24384702,91580405,71133201,852605,1385634,921893629,257111680
     8.733849620,1797502483,309346418,308762956,270260323,271848384,0,0,0,0,0,0,2165646,2399040,269329548,696004199,833569736,166776690,35197,1105928553,0,531608,216961,92913508,89009031,80250718,1087194,10068,1037852740,283146255
     8.834134767,1700403365,307166404,307529164,270020814,271406544,0,0,0,0,0,0,2370132,2395375,269993635,514843794,951480204,118545056,57485,966439607,0,2771153,535062,32523652,32992429,32992431,1459504,3709,720801514,213249653
     8.934390501,505296641,303195811,302431542,271145713,271181388,0,0,0,0,0,0,2209956,2394671,269468722,609721875,258873241,70431484,23792,648005836,0,17003330,465996,241919449,86352695,80630786,1792121,949757,460999384,154126745
     9.034649066,779604882,308957924,308328893,271567479,271470837,0,0,0,0,0,0,1856889,2388495,268708336,828510323,474483574,116318161,35475,851045303,0,17355260,2005349,127567522,140276030,118114231,2657268,2803880,538537183,181392089
     9.134945439,1054389795,308129431,296180291,265409232,271292144,0,0,0,0,0,0,222163,2390308,268963029,495818969,552450686,97574046,33817,616149407,0,4348383,647000,77339381,158006873,109829444,936526,10155,453572290,186801701
     9.235830083,417965559,306921252,306222379,269479890,271409919,0,0,0,0,0,0,433332,2399979,269887713,295101630,127888222,63161055,56575,421133854,0,28640434,574371,514443694,233261227,160613516,943100,601235,585382286,188972728
     9.336207956,1068607418,292345364,309683062,271140087,272634858,0,0,0,0,0,0,2011836,2399783,270096872,960020911,512817845,184497691,40978,868618200,0,1911376,272865,86309858,115024512,95850078,633078,395830,881300616,246920558
     9.436497082,1741239870,304350090,304483883,268420472,271543852,0,0,0,0,0,0,2274339,2385340,267908598,601683164,932785059,136175492,27293,952783020,0,3531404,604804,36502226,53116085,50143077,1431788,3272,775448505,222428885
     9.536846697,524399886,300316477,303412470,271439172,271316472,0,0,0,0,0,0,2312308,2392773,270180156,637216461,133174152,72561676,20172,843475383,0,6426099,807255,447197831,136252923,113200708,1101025,762925,662569679,203595903
     9.637185432,1104791331,308405158,308381701,265214065,271457369,0,0,0,0,0,0,1987272,2394292,267713170,689436765,531649830,132250471,39911,548215763,0,4300486,925800,131125136,174695238,127022326,823608,13315,540883423,178167511
     9.737544716,1224718018,308305405,308930796,270770715,271740677,0,0,0,0,0,0,1534832,2395471,269471321,473969397,503722960,120061270,80416,386524979,0,27705819,744732,162259165,145158339,111128772,697654,13710,856791518,237941052
     9.837858644,582795943,309115713,309169967,271118723,271577125,0,0,0,0,0,0,1821111,2392193,269942521,952201802,310935908,129610214,20527,642994210,0,888854,1957152,161203189,95993565,95574399,3311616,2043239,632548417,206928294
     9.938194524,1290888682,307571742,307484187,270839236,271253884,0,0,0,0,0,0,1928375,2392662,269803486,626688825,699889764,120273635,34317,326209197,0,5678145,930263,21560788,23240470,4428758,213712,119190,684700987,230722093
    10.038530099,1583353346,307463055,308472359,269163372,271403302,0,0,0,0,0,0,2328055,2396777,269990233,269640226,714193791,60834219,100348,426674724,0,6353070,956967,119700010,142562771,113990463,962899,14744,954745364,264442018
    10.138830431,1105205352,307671094,308245931,269341520,271291932,0,0,0,0,0,0,1946512,2377331,268038095,948663704,424344839,122036514,19805,265660758,0,3696986,786177,186667447,99432965,83994800,1443074,616869,717779330,226552934
    10.239238263,525577838,308536822,307793064,269955442,271828458,0,0,0,0,0,0,2116329,2399942,271005554,966221144,279925086,131933415,16721,947385336,0,6425798,3596817,215629977,35209856,34843142,2991575,2311433,583207772,200074809
    10.339557278,654846043,307909822,307533086,271621631,271642151,0,0,0,0,0,0,2359332,2404496,271445912,982279159,354355703,144908439,14582,1071060798,0,13674313,752146,157625456,114709899,113702537,3661826,3180084,657102573,211113479
    10.439860399,921874093,309077871,308343961,265950998,271583628,0,0,0,0,0,0,2380204,2403141,269984341,673447056,521133521,125644605,34304,909464926,0,11794784,152200,302956204,136351005,135773804,10579750,1132402,698505587,215345337
    10.540152461,1356778458,307937926,309030252,271393243,271652083,0,0,0,0,0,0,2264208,2395614,270429927,1073242835,845588214,206313468,14209,798048447,0,5012784,580626,12048508,4939432,3768648,248633,232783,808442118,230862915
    10.640447548,1460288068,309238150,307336247,271598934,271631145,0,0,0,0,0,0,2350068,2399708,270746095,1056898407,719512488,202926182,23028,1144315083,0,225398,79071,38862567,71264344,53072124,396500,1180148,1043457765,275456199
    10.740741822,1524576765,309536734,308447678,271600040,271690169,0,0,0,0,0,0,2355242,2396158,270672610,1077069777,813044568,206756491,11410,1144396722,0,287979,81084,15948055,34614063,33394445,895715,1510017,1120429836,287388586
    10.841044103,1541277849,308410400,309189038,269491358,271683723,0,0,0,0,0,0,2316190,2401561,270814780,1061117206,836887460,203614489,16938,1134170308,0,693302,93813,31826675,48721130,37819512,1275553,530260,1112201597,285117607
    10.941293206,1204171312,306586126,307690972,271443491,271237880,0,0,0,0,0,0,2134716,2396445,270313647,891415862,527485898,170802218,48710,1142031759,0,193936,91663,159349739,147119686,119279268,725588,16719,892133570,250558750
    11.041587339,1839024736,307913161,308204875,271185394,271688730,0,0,0,0,0,0,2295974,2393306,269344457,923495799,937746641,187862708,34410,1141691284,0,299724,205254,32987996,36519734,35110383,1468595,3512,991715691,274472532
    11.141875006,1923206204,309613956,309527690,271224622,271836432,0,0,0,0,0,0,2291664,2387186,269001391,762875398,956245799,176465894,27747,1083631843,0,2510531,156140,33064571,32513010,32447688,1462939,4062,1038421247,284228915
    11.242180439,1826688334,309359763,308820648,271149489,271871793,0,0,0,0,0,0,2325346,2397636,270011948,741891950,866387995,175227958,21930,1110098575,0,483975,166620,69999188,43533564,39591719,1230296,5039,1031782798,282365648
    11.342495596,1927133408,309724346,309602704,270666296,271985922,0,0,0,0,0,0,2320339,2396663,269781046,774667793,961240910,178409377,17641,938446288,0,1898342,585066,32509978,36201503,32531074,1463997,4089,1039691426,284471943
    11.442833274,1028623573,308557518,308512513,271513240,271785608,0,0,0,0,0,0,2369696,2398904,270787956,798722675,594056156,169407574,29242,938522492,0,3419244,674943,52032841,32685955,32296838,1209242,7161,592857781,195790090
    11.543146746,1929798139,309665491,309644647,271360888,271914573,0,0,0,0,0,0,2377262,2398099,270292495,843191563,962130130,158920615,15248,946861950,0,3765264,620910,32541827,73217761,72313581,1460307,3585,1040677984,284486633
    11.643451569,1176001543,308614723,308783078,271597025,271581360,0,0,0,0,0,0,2381450,2402819,271264140,643557191,540685863,71564492,15076,730462276,0,2263905,938535,174726212,72510405,72080956,2321023,969184,719085036,220651953
    11.743754098,910713109,309032683,308441247,271609064,271779459,0,0,0,0,0,0,2372126,2403639,271368296,642229085,305736758,71423269,24690,749238131,0,1332089,567126,179310131,73981965,71103850,2283341,1072121,877498417,254559047
    11.844062247,818472860,307631238,309324311,271573404,271803871,0,0,0,0,0,0,2385418,2403919,271002271,661660189,293003974,74551909,16125,727297722,0,1099312,475546,181279111,73687254,72591114,2125197,1033696,849069860,249170248
    11.944371842,1608655180,309460110,308444388,271621881,271756428,0,0,0,0,0,0,2385560,2403323,271292042,684075937,796533172,78405624,17108,713600043,0,2299865,705444,203814363,76907376,75630855,3771283,982879,911211396,260386315
    12.044683969,1084975391,309459458,308263631,271343710,271659276,0,0,0,0,0,0,2374773,2400803,268601650,886265892,560335296,215469063,25073,1016330045,0,841805,468539,6866333,1410816,1410816,104946,33645,548335197,174934355
    12.145021714,1160205060,309770163,309278448,270624029,271893944,0,0,0,0,0,0,2382189,2403034,271354538,686208239,578609736,159994590,26383,559473519,0,1916366,921521,5688870,5825415,5540270,35240,8584,784372393,226116642
    12.245303914,518150770,309355944,308374843,271357234,271726393,0,0,0,0,0,0,2371153,2403561,270113503,122602131,378683397,16054844,15731,45632492,0,4182900,686785,51072027,7736546,1339093,954635,172065,127828772,74118612
    12.345558575,670189082,308651429,308853196,271474660,271536336,0,0,0,0,0,0,2367366,2396437,270721910,893432462,317423790,217703747,20206,1011059415,0,2364141,446967,147893983,145371348,145026754,2887068,11017,464164185,147732079
    12.445812827,1126432242,309229257,308300574,271224331,271564053,0,0,0,0,0,0,2361427,2402274,270718683,136183248,549515936,18735546,18462,119246094,0,610091,1387398,20841810,76849776,7037389,80894,23306,675898335,198986924
    12.546106785,480925766,307281874,307961766,271634467,271511039,0,0,0,0,0,0,1280801,2394245,270025739,894445296,375533056,217482531,12800,1013117925,0,1644504,446379,39856808,1095897,934074,821450,141254,96626184,60297447
    12.646365599,1152025782,308227431,309450100,271377924,271736437,0,0,0,0,0,0,2276293,2400972,271002592,617045746,573417362,139028491,14669,125501045,0,475144,1248828,3799307,129150567,129031191,37005,9577,783135567,225391746
    12.746679208,704066794,309478271,309206611,271659123,271764086,0,0,0,0,0,0,2369166,2399003,270948034,894602718,477198358,216445700,20100,1010582239,0,5056642,445641,5292914,941549,876423,33629,10282,232090745,100655164
    12.846998361,1160635684,309731328,309667026,271606106,271975236,0,0,0,0,0,0,2384597,2403094,270924443,505682631,578824771,116466172,16226,526422017,0,923770,978072,5105084,1137296,1041609,29695,8327,785463382,226023954
    12.947284497,251900963,309221515,309254837,269377474,271753807,0,0,0,0,0,0,2334167,2389737,269991444,271058806,111860827,56560582,19515,1006988023,0,1422178,512771,231178587,97030030,88308755,4567443,12639,241197188,99374654
    13.047583377,913094077,308692016,308857775,271629124,271809086,0,0,0,0,0,0,2385799,2403653,271465042,891647005,393018646,217042803,19154,1010356240,0,2508334,442388,118774914,210886032,210718389,2208529,9942,709958352,209097877
    13.147923651,1151916484,309775407,308952376,269522520,271834082,0,0,0,0,0,0,2228134,2399111,270564748,881885757,575295963,214487561,21796,1011117720,0,3244748,447415,4998453,1745469,1031048,32689,9508,731693476,216856235
    13.248223014,1158517537,309574565,309574546,271630895,271837680,0,0,0,0,0,0,2380804,2403484,271387162,806288788,576074946,188637352,35780,129863104,0,580509,1182025,6123347,171197565,170761140,37925,10592,785276230,226216683
    13.348526419,774789121,309439583,309215240,271638198,271734973,0,0,0,0,0,0,2374803,2394869,270419340,896665652,513372056,217588179,15397,1011589890,0,2793360,469384,10328777,1130816,969000,56399,23587,266541152,108337932
    13.448846253,1157690210,309679962,309665072,271425370,271932176,0,0,0,0,0,0,2396652,2404493,271469987,116174159,578270337,15218452,13856,100289628,0,1167195,1205558,4985405,915536,915535,31276,11236,785790340,225891227
    13.549162062,261613587,308276390,309355149,271533755,271820594,0,0,0,0,0,0,2397206,2397399,270412640,636646434,120281103,150895397,21239,1007420450,0,2486966,574426,224510756,128599776,128599987,4935007,13242,222790932,95085656
    13.649478981,1158768018,309744149,309661611,271688933,271835103,0,0,0,0,0,0,2404490,2404493,271106370,894766683,578134746,217788289,10672,1017713388,0,756666,459715,5228306,72999117,73023132,30873,9656,786353987,225939889
    13.749775019,919947773,309406906,308815698,271292860,271843598,0,0,0,0,0,0,2400659,2400657,270887578,893241937,401502108,216701493,29115,1019115939,0,783942,445506,117339240,82701706,82681754,2343810,11521,711453524,208720813
    13.850094376,1152675101,309738182,309308790,271605387,271774224,0,0,0,0,0,0,2393661,2403276,271297670,538199242,577408306,118564166,27934,112407392,0,498779,1287441,5202861,66726554,66370014,33511,10317,679668109,204079925
    13.950362344,861559402,308270859,308236079,271567798,271605473,0,0,0,0,0,0,2379735,2400229,270516137,888491412,507792148,215972143,18357,614285615,0,76197996,681455,17830129,7871153,7688644,294748,248172,361992038,128329792
    14.050624843,533874366,309065910,309307384,270538628,271733390,0,0,0,0,0,0,2083095,2402895,242239960,780294511,157668293,190719337,839890,529261074,0,18686444,6509004,228946588,217648101,216285091,3814459,337156,564663826,172544891
    14.150896056,1110476253,309414598,309236557,268882592,271624796,0,0,0,0,0,0,2322613,2394631,251392576,105064617,541863660,15443173,177392,758950730,0,16888076,6465447,17893266,16339677,8418335,292025,236434,770159768,222785442
    14.251240077,276568814,309312983,308982925,271493783,271796559,0,0,0,0,0,0,2340542,2399713,269827901,492584874,149606338,113797552,74097,973925273,0,6225963,2290290,222930660,58727377,46491328,4072232,179419,97103546,64491521
    14.351582197,1125358974,309483366,308202827,271677669,271744572,0,0,0,0,0,0,2394651,2398623,270741460,849095003,563172528,206377878,29094,851076177,0,1470689,611359,5214584,2831979,2831973,28796,8328,753361793,222953080
    14.451931381,608964584,309183707,308603627,271621464,271909022,0,0,0,0,0,0,2388571,2400235,271021909,119902816,334204345,15730638,33971,572980833,0,2312460,912757,124891307,82316800,55038687,1855064,11139,266149979,162778754
    14.552220459,1086424894,309156062,308701929,271629940,271587061,0,0,0,0,0,0,2403387,2403388,271424039,876926076,530215009,213214126,12926,478872674,0,518631,804078,19602071,205501502,195829942,43196,31808,669202820,205192061
    14.652587201,510577620,309351447,309276484,269917791,271823505,0,0,0,0,0,0,2356951,2405405,269435225,587441886,234442874,89214867,84610,885869230,0,864945,475016,360205422,105432440,105432872,5296045,325908,515408293,213309727
    14.752947750,1088201314,309200436,309198069,269580570,271842650,0,0,0,0,0,0,2401876,2401865,270698741,614845340,571084545,90986523,81739,1042468768,0,4419841,229504,185176718,125595574,125595032,3951116,5626138,652087556,207304123
    14.853252001,1069631110,309015068,309073347,271195784,271655745,0,0,0,0,0,0,2376296,2399252,270474648,789668017,553564401,112466334,24465,747515098,0,2280085,531556,198282051,152172684,152172693,5577010,6468613,624188498,200817620
    14.953555207,1781439121,309691863,308570336,271634006,271779545,0,0,0,0,0,0,2391524,2397171,270788149,1134475234,886751298,179219646,11523,1145060257,0,319331,88540,40987239,37139167,37139172,1602943,4488,1002543810,278644888
    15.053894839,2063192405,308615366,309154666,271201737,271738421,0,0,0,0,0,0,2401096,2401101,269591877,795815351,1223398179,156277047,14285,910691590,0,1417830,270736,2669518,2223776,2223778,251066,805700,746040491,222793982
    15.154232717,762623129,308344467,308735080,270910475,271620085,0,0,0,0,0,0,2398264,2398278,270236272,744164684,394173410,108051661,19686,558126962,0,951111,538666,252887452,101772725,101773030,4059921,3713473,564221067,190876199
    15.254543490,1276710235,308645833,309351885,271273432,271803176,0,0,0,0,0,0,2385681,2400504,268790779,734092830,576822849,99679261,16597,1156999965,0,3277424,154699,42258344,90701519,90701166,127341,1692229,833261559,242945358
    15.354859361,2498524178,309714751,309646075,271621377,271904236,0,0,0,0,0,0,2362695,2402593,270493242,929592973,1229898814,139324983,30435,714568541,0,768375,2079632,2683615,2302827,2302830,224105,727569,1235657529,309110275
    15.455184718,617618133,308034526,308337890,271258967,271680482,0,0,0,0,0,0,2394441,2394660,269793502,769700827,294108005,180363826,11687,879497670,0,923769,456936,388992209,104996866,104996938,5397853,363868,495231391,183476208
    15.555558611,1059607058,309365728,309273187,271389638,271920978,0,0,0,0,0,0,2401392,2401409,270732182,805950122,564038334,117049401,11727,501237853,0,838452,581437,241199987,126050099,126049894,7360044,7361918,637868884,202994567
    15.655897896,1019252400,309338594,309117837,271495987,271742140,0,0,0,0,0,0,2375732,2398027,270525283,833632758,522753607,135570416,15181,1097994461,0,4724913,256689,167867285,120172140,120172063,2438691,4173358,658525357,211082771
    15.756205018,1308844118,309437717,308481627,271689863,271725335,0,0,0,0,0,0,2404321,2404322,271535936,1154160670,728573283,160589604,27535,802335447,0,332254,335472,5221305,26449613,25990810,554426,2230393,1071974015,275889833
    15.856512745,674746120,308849252,309078534,271324377,271691320,0,0,0,0,0,0,2376406,2394605,270006701,703999940,371401950,175340926,13011,518911542,0,966922,549990,298815936,123840226,121881676,6518855,3884607,536959267,214444607
    15.956827364,982083546,309328463,308882967,271186356,271644143,0,0,0,0,0,0,2072811,2400139,270441373,746104897,512443674,103071754,13464,907709805,0,3918174,549068,158932074,147244394,147244297,3463485,5447580,608489912,196559935
    16.057126255,1782052564,309653733,309536561,271171608,271795512,0,0,0,0,0,0,2390337,2400740,270642446,643490912,887481584,125792906,15069,1137431322,0,179915,93984,40959241,37483743,37483725,1612537,4739,1009663068,280725653
    16.157449744,2502206903,309763899,308544204,269347726,271789908,0,0,0,0,0,0,2380977,2395744,270256179,1231199503,1233986372,136983239,13413,956960305,0,986215,117907,6112974,2715875,2715883,262945,806794,1230165527,308616095
    16.257755425,508461013,309172933,308313869,271201407,271676439,0,0,0,0,0,0,2292394,2395767,270151261,683588902,254181773,149298714,18964,647468851,0,1041051,541648,256839262,80382248,80382061,961944,298636,501924208,189984551
    16.358080714,1002760144,308838533,308907146,270754707,271649392,0,0,0,0,0,0,2380176,2401109,270503967,802554870,532579573,118011726,15405,698481798,0,2087056,522712,241355406,137651830,135955411,7011122,6995009,607949588,195805706
    16.458387070,921515175,309200152,308514886,271779549,271746335,0,0,0,0,0,0,2403923,2404474,270988799,819050478,486246524,108255498,14658,1086670414,0,18276671,157396,114313813,99401975,99402008,975401,3246344,565017102,177530810
    16.558729623,1930851924,309437594,308911306,271239900,271934982,0,0,0,0,0,0,1942102,2393910,269746934,555489901,667031933,144596013,33814,892457924,0,967579,431016,350023319,149951350,149951938,8917653,822940,1230226572,308085596
    16.659052693,824590825,309230249,308459365,271417515,271664830,0,0,0,0,0,0,2378602,2394784,270033417,710044313,439402882,95540305,13151,952884695,0,4792959,544082,228283617,127274087,127273607,4235277,4679890,569189600,207093197
    16.759365815,1061458092,309067683,309090136,271244472,271716168,0,0,0,0,0,0,2400647,2400646,270211641,814668883,546124915,117310836,11473,763346338,0,2477661,523581,192074995,149749110,148119767,5078453,6103494,626090150,201515081
    16.859731308,1740960494,309780087,309653461,271826113,272011225,0,0,0,0,0,0,2397522,2397737,270912389,1061354041,878368734,210129918,20521,1147495112,0,167546,85267,41554344,38204946,38204938,1627705,4740,1033533989,279052495
    16.960114943,557181196,309411742,307579040,271430301,271763642,0,0,0,0,0,0,2236594,2389204,269144294,1226898636,313445596,136608642,14121,960804589,0,460085,124708,114646649,26226790,16434776,1615755,1591213,521200319,213191521
    17.060533280,1076288525,309579237,308940161,269375911,271872303,0,0,0,0,0,0,2399877,2403709,270905872,684010176,561489096,164934624,18005,856536064,0,835653,415778,183773496,99154958,99154797,3823142,5463234,633794973,201894427
    17.160863877,997774671,308518562,308062829,271645752,271486014,0,0,0,0,0,0,1432756,2398940,269811700,800495656,555174511,115091746,14396,759646043,0,2152383,507908,241927296,144372634,141506090,7322099,7311658,604003703,195735617
    17.261176363,1830564503,308493810,309567830,271607068,271860591,0,0,0,0,0,0,2403236,2403238,271325172,694417399,939553792,77892776,15608,421265942,0,1140665,725982,30237138,11605551,11605540,1225357,212040,1008721107,280322252
    17.361525521,1497163974,309569833,309540252,271096009,271904981,0,0,0,0,0,0,2351545,2394643,269963711,771503377,752295929,180802985,13623,875415086,0,888555,417246,75015589,110411004,110411099,445872,2590609,908616508,256504777
    17.461838949,1094095992,309218086,308737437,271203956,271706323,0,0,0,0,0,0,2397159,2400729,270081871,703678584,565975715,94291119,16152,1056411672,0,4422349,268740,155552018,137247705,137247687,2646507,4933642,630304305,204646884
    17.562115703,955010072,308584085,308452527,271119635,271434526,0,0,0,0,0,0,2363160,2399374,270494917,820961877,515935450,117591847,11656,751246497,0,2943934,917045,175047427,150618450,130044240,5266341,5764452,611662329,198928059
    17.662477927,958256979,308820532,308534648,270986985,271565905,0,0,0,0,0,0,1997971,2394986,269979271,542280863,488974218,108981439,38446,680365691,0,7103314,572013,69795490,128107299,93454190,889716,8130,498160289,240308574
    17.762820922,2504500348,309814592,309724050,270594867,271973441,0,0,0,0,0,0,1457253,2393927,269778294,453355612,1235112005,41511981,21020,942763389,0,3344921,120627,2568431,2632117,2338186,236375,779606,1236418220,309306344
    17.863298299,459280505,308956853,308741678,270973516,271744221,0,0,0,0,0,0,1772557,2392955,268935038,754641685,265954441,144748254,14875,652709787,0,745522,611571,207915235,120823627,119044809,828794,1364707,354398997,191559619
    17.963803277,465112927,308735544,308539565,271116953,271865649,0,0,0,0,0,0,629045,2400836,270044394,639706052,245079489,97004838,24731,419997257,0,1883596,684703,134552772,177127008,175705824,385990,3071651,291830576,185873943
    18.064364495,710324530,309352293,308079047,271556414,271832822,0,0,0,0,0,0,744897,2398606,270250456,313246702,324665439,37555146,20720,506347864,0,11769987,278938,226873384,171188556,133800555,1751019,3103925,474648210,171275699
    18.164829017,1130530746,308046145,308735128,271372781,271992253,0,0,0,0,0,0,2232105,2402122,270563902,809386982,608185904,161458778,21373,606429881,0,10236801,217644,77334349,81197988,69312596,1339922,10637,598943161,216475500
    18.265134533,2255609993,308547114,308733830,270977839,271580488,0,0,0,0,0,0,2054544,2392906,269484770,809287997,1098906244,90409354,28774,800396066,0,5231878,450875,7187882,54690724,8369951,215783,855403,1103362022,301044366
    18.365429006,434533180,308616457,308386096,270728332,271416169,0,0,0,0,0,0,1267698,2395387,270005902,423348900,183320121,121546623,44839,496132783,0,8825431,398471,418570765,148519605,128024438,5256320,324641,301551290,234842172
    18.465817463,680959005,308233350,307964474,270776341,271319943,0,0,0,0,0,0,1039301,2393567,269313734,353841701,360616491,61175959,20586,355823531,0,8242230,455800,280865499,238134335,218585356,3944751,3811762,444362716,150335541
    18.566147128,659018364,308476183,307343496,270681294,271151800,0,0,0,0,0,0,0,2395331,269856831,369061050,393443526,46450246,22118,639948124,0,3098110,788875,316579173,155334833,153496492,5528251,5446512,256444938,141846804
    18.666484034,509004050,307306678,307963694,269700071,271110625,0,0,0,0,0,0,0,2390686,267676118,438959874,265388229,67130449,50750,440303840,0,3935219,1692857,102471200,154865271,139692278,231246,1299591,282507242,198755629
    18.766787316,992983824,306163855,306065995,268855284,269845303,0,0,0,0,0,0,1737698,2382283,268445702,869525945,451930457,158169231,27122,910141900,0,2444568,209743,269280847,29870638,25283961,11977788,609325,555907688,241734787
    18.867150973,604109996,308983313,308495654,271279077,271804485,0,0,0,0,0,0,2399527,2399823,270610019,779127303,236443371,181818252,16131,877026496,0,735683,436437,390606006,106655095,106654811,5666528,363549,720907809,240719496
    18.967566002,1074114829,309373203,309187279,271464159,271876479,0,0,0,0,0,0,2250601,2397207,270211065,680336297,541001576,91916735,27225,1044218722,0,3719776,234491,128060569,150876269,150876437,1513893,4521333,598884283,193942720
    19.067932927,1081052157,309385962,309250192,271400820,271872505,0,0,0,0,0,0,2393089,2398660,270231054,735151738,575055929,101013289,25918,722031271,0,1908687,529211,231193337,110461285,110461212,7230098,7109954,668384378,212151736
    19.168254875,1773767922,309769493,309632058,271767782,271967367,0,0,0,0,0,0,2373032,2397967,270505907,1061595728,884492026,209997650,11188,1065705306,0,2762786,160130,40687960,38072693,38072575,1611685,5342,1018321171,280696530
    19.268586744,699717702,309190686,308411178,270536403,271728159,0,0,0,0,0,0,2376498,2394559,270347752,971410019,439842901,157920514,15055,938221819,0,685851,287620,28568685,4021562,2698684,305280,1852435,512098591,206403970
    19.368895614,1052161713,309114309,308702255,271268245,271593487,0,0,0,0,0,0,2382715,2400016,269953057,711473701,518344815,95746452,12643,722462745,0,4510748,651111,121497826,96137378,96147214,499709,3816352,634829592,202584843
    19.469203661,1390259006,308588128,309088176,271175537,271690415,0,0,0,0,0,0,2400344,2400344,270481620,818415088,725520010,117302195,10795,910749747,0,1611793,537064,120989375,63475079,63458180,3140775,3015429,762977788,229685312
    19.569521480,2411830809,309838853,308319394,269714710,271691582,0,0,0,0,0,0,2403331,2403329,271317500,565787216,1234777569,59250768,14388,686489586,0,843693,614919,3082096,3856498,2902001,262207,860548,1138345727,294360249
    19.669796556,550158373,309001752,308499299,271152835,271699936,0,0,0,0,0,0,2393901,2394099,269980562,767952437,318662049,179283387,13113,879847888,0,827177,457581,149890957,112609356,111140796,615475,2496926,500435569,189871744
    19.770129743,1063839112,309111504,308778666,270721720,271521916,0,0,0,0,0,0,2216411,2395254,269639332,732008068,574601686,103906383,12115,603754062,0,1774429,612481,243676100,121674351,118735252,7468473,7471391,638455942,203487973
    19.870426135,1032300078,308961024,309063587,271195164,271661479,0,0,0,0,0,0,2395215,2401592,270844880,714622617,532004005,96055780,11658,1065795900,0,5790855,271185,118703554,136293638,135241700,896919,4112084,656212098,210454396
    19.970733866,1256995746,308020743,308541475,271677065,271717293,0,0,0,0,0,0,2404706,2404693,271543732,1143244595,683959390,176287024,11919,1148774637,0,172312,81629,7320257,24900846,24709349,523716,1778226,1059248187,273265369
    20.071111091,506556183,309331341,309196592,271455118,271813060,0,0,0,0,0,0,2373994,2395482,270140268,756259455,234643177,174844840,26661,504880697,0,666240,559100,378801209,103194284,103194860,5440035,374719,524888069,214086217
    20.171427311,1066324109,309194045,309085014,271202165,271738472,0,0,0,0,0,0,2401245,2401242,270666933,703498383,551266698,94307366,13604,1048089417,0,4770912,274876,184253220,136172028,135566160,4092101,5677745,657214554,208339165
    20.271740502,1649545088,309657298,309145916,269756347,271715508,0,0,0,0,0,0,1724985,2398643,269799409,726681320,877937060,98381794,13064,387529253,0,370312,570025,41204198,37311422,37311400,1616838,3837,852408612,247149959
    20.372049523,2492404563,309463678,309697751,271122853,271869808,0,0,0,0,0,0,2395188,2403206,270583659,1097352607,1226354470,120789853,13743,953869243,0,448368,103849,3238949,6936464,2701885,258980,833790,1233452521,308842106
    20.472388385,397616482,308823462,307204008,270603816,271520433,0,0,0,0,0,0,2372564,2393613,269338027,519325514,225260730,135843550,239569,507666235,0,15613964,1779525,154020956,139722708,83337137,520772,630804,303723936,236377874
    20.572851531,569600103,308478215,308932234,271263521,271865531,0,0,0,0,0,0,2132714,2397047,268925332,618034798,315601738,92562393,55624,230026268,0,3234881,691684,159848195,127255326,117264599,2636374,3234298,336344904,223969285
    20.673311363,596332467,308763703,308743174,271225842,271707555,0,0,0,0,0,0,2185621,2403334,269944956,346420042,332100066,58815258,25911,442041431,0,7095501,949290,192950882,174261181,154377094,4242075,4060640,306771492,176702858
    20.773600041,552198243,308321801,307809888,271254269,271178715,0,0,0,0,0,0,2287469,2394911,269384360,819979043,304235768,160561151,19970,694762893,0,1564875,520804,84101199,175328207,160012236,160483,978668,298507866,220483943
    20.873996716,1225428979,308526329,306809972,271057880,271570542,0,0,0,0,0,0,437489,2392797,269137774,722786087,589267340,80550351,32508,511978507,0,31088207,322315,62096213,86799577,56060231,544172,95113,746939232,250830534
    20.974299783,785124549,308536329,308704503,270619858,271483843,0,0,0,0,0,0,2286299,2394454,269928274,713585708,307854815,169341850,104955,891333975,0,1175542,486570,380064880,108533509,108533537,5463690,355642,658296262,238447047
    21.074667850,1085227299,309114279,309349060,271536168,271829262,0,0,0,0,0,0,2386451,2400267,270630577,707235473,569815138,94561960,14031,985495824,0,3590081,406527,199084655,123502969,122822951,4719925,5892130,655680899,207916783
    21.175013037,1015268133,309031908,309250378,271330030,271837210,0,0,0,0,0,0,2288063,2400757,270592464,811935192,529713908,117897496,11514,735659806,0,2160805,520586,181970461,135418987,135418738,5072041,5910462,618750944,200894373
    21.275291261,1382912998,309432918,308607109,271541372,271601814,0,0,0,0,0,0,1737903,2393892,269987790,1063761540,801482014,210437302,7782,1145691051,0,155750,80382,17390123,38686456,38686552,889551,1566416,1036219933,269638079
    21.375673986,500670809,308273865,308358583,270957662,271405568,0,0,0,0,0,0,187825,2397124,270045278,715502953,285126683,108472395,33038,506354905,0,24608054,270857,41463769,8281087,4992570,343177,1772129,438344246,189892881
    21.476023407,468769201,308734652,308987754,271146724,271738480,0,0,0,0,0,0,2355900,2399146,270346956,431032037,232880990,59871714,39105,279443336,0,4004010,1339852,494350491,109353000,100980843,780291,404507,480126037,183780533
    21.576410941,1026782556,308500535,308651437,271306909,271597765,0,0,0,0,0,0,2401177,2401225,270634064,784567113,547824969,109720906,11474,892493026,0,3071254,527361,190916132,131586646,127228381,4494758,5782535,628175623,200634551
    21.676825742,1244868598,309833234,309710975,272087111,272161030,0,0,0,0,0,0,2408152,2408107,271955449,1045921859,708502346,206961701,30890,1147170642,0,159862,78636,15118068,39224070,39223545,832184,1743563,832956425,236503302
    21.777148426,506789369,309139870,308861062,271681488,271707172,0,0,0,0,0,0,2404547,2404548,271424450,1236988078,235102788,137658668,11350,802276136,0,382309,192132,373279481,100021936,100022084,5949617,386482,525985776,214357504
    21.877494429,1079593666,309173195,309239294,271420933,271853632,0,0,0,0,0,0,2376937,2395828,270167730,702031071,577160453,177820011,12931,694435234,0,1054431,531090,231274672,111756334,111756189,6279520,6797515,645595427,205239942
    21.977821286,1030204088,308647234,309131536,271273333,271686617,0,0,0,0,0,0,2388453,2399803,270115393,662762217,534096831,96397889,34510,732832724,0,2413973,516105,214513792,147985931,147963036,5654055,6352515,613821121,196934835
    22.078126224,1780271865,309700817,309613949,271238960,271874153,0,0,0,0,0,0,2398066,2398200,270429117,715029633,885437662,108541017,13549,1144658608,0,154318,82996,40930197,37887012,37887006,1619372,3737,1009562733,280565255
    22.178428153,2501724385,309641241,308661483,271385773,271764333,0,0,0,0,0,0,2393091,2393293,269429584,919008307,1233113114,150313498,14319,758490666,0,1066129,338424,3115466,15454966,4069488,271863,875554,1235845824,309155616
    22.278795128,595217744,308240588,308287156,271313141,271716691,0,0,0,0,0,0,2401478,2401489,270662169,798201963,341918012,113017434,11188,818304806,0,2475019,527932,274484955,115815501,114525340,2917093,3033665,502971620,190706809
    22.379156693,976249154,309358761,309367113,271421146,271888575,0,0,0,0,0,0,2393358,2402263,270508292,746815030,516475371,103786466,24241,738216174,0,2431453,543570,125266007,98947069,98946655,4033112,2771334,635662015,194965736
    22.479458021,2497333695,308459021,309140499,271545667,271852810,0,0,0,0,0,0,2404261,2404272,271502808,938783246,1232998356,137378879,12000,952637960,0,23644204,3099537,3461090,153582977,153583622,249685,819527,1223665555,307201750
    22.579780391,505598134,309120035,308417204,271283038,271778320,0,0,0,0,0,0,2395060,2395335,269700593,776720010,231172775,180710541,12255,875303316,0,863297,414886,372113458,107445895,107445585,5290016,332137,502883556,195266147
    22.680066172,1068303074,308995498,309061231,270867283,271621867,0,0,0,0,0,0,2304698,2392738,269568836,735671030,548901824,100817913,12475,955670172,0,3764741,506061,154761979,150120119,150119932,3057042,5296168,607486814,194972201
    22.780383930,1069381818,309211787,309032565,270861867,271670977,0,0,0,0,0,0,2386567,2399342,270608225,494880500,545379263,68452012,19580,1067884827,0,3960289,231982,121009535,141640511,141640563,951843,4218582,665156896,211524530
    22.880692836,1674074505,309654757,309459883,271860027,271856053,0,0,0,0,0,0,2404669,2404665,271567012,1153423864,875370982,172395196,9091,1053403078,0,359144,84040,41200422,38678587,38678602,1616631,3559,1028843104,275192933
    22.981022220,553920559,309353259,308463672,271277331,271732754,0,0,0,0,0,0,2385894,2400154,270152239,704652850,286265905,178329979,11375,864052584,0,1071804,389157,314559426,100030634,99004547,5533009,2067419,525173271,214687127
    23.081340989,1058815311,309223997,308902367,271356969,271621640,0,0,0,0,0,0,2400069,2400071,270560954,693482678,557565599,92723525,36775,1055918695,0,4318171,248346,207397957,129456057,129456213,5104191,6197759,624938209,200440559
    23.181653716,1783661910,309705499,309498179,271194713,271829249,0,0,0,0,0,0,2401207,2401206,270574630,707873218,889304291,93695101,27974,458061311,0,382809,232813,40355387,37911059,37911009,1578864,3311,967381787,272285284
    23.281958155,2503562771,309697697,309629607,271196789,271855252,0,0,0,0,0,0,2397564,2397798,270524505,1233764395,1234850362,137338880,10341,953945983,0,465300,108727,2915321,2322944,2322945,246467,809285,1235316259,309069542
    23.382279893,504833254,309157680,307586582,271283608,271673366,0,0,0,0,0,0,2394929,2395104,269312441,776747087,253196934,181460410,17093,873471013,0,997932,454598,259050639,79058010,78208342,967582,299100,498473623,189388561
    23.482608542,1079045357,309282834,308991336,271452613,271673503,0,0,0,0,0,0,2369140,2401027,270356283,711776968,578639952,95893341,13936,1015828160,0,4193418,325036,193864087,125118487,125118807,4488214,5920258,639465444,203153897
    23.582939694,950156751,308861447,308919538,270962603,271518425,0,0,0,0,0,0,2402359,2402364,270680760,816023309,509380511,130582546,22349,729364511,0,38309917,644955,137666894,107568211,107568456,3697288,4421693,581186865,187059701
    23.683322122,1062028189,307970408,308262940,269127302,271868337,0,0,0,0,0,0,1397810,2405276,271308433,324604622,402721660,53741784,7389,579576232,0,6687991,492336,501527544,90779461,67093184,23489841,1237522,865055014,240187538
    23.783585609,695327987,308846105,308226513,271116284,271553755,0,0,0,0,0,0,2365324,2391454,269589638,678629102,377321173,163806502,13263,604050732,0,1823632,533997,291816504,144539913,140409742,6678537,3789480,496978334,194416832
    23.883948932,1086022305,309411031,309213728,271414031,271729575,0,0,0,0,0,0,2401819,2401822,270704226,713212605,553951283,96412200,12998,1065382083,0,3883653,286134,121922077,146832863,146832935,1055614,4324396,664502767,210541287
    23.984261472,1778563730,309696341,309655912,271258055,271932511,0,0,0,0,0,0,2388100,2400648,270593420,699430158,884917458,141676097,14281,1123877497,0,537315,99922,41227193,39835205,39835197,1621319,4389,1011538399,280850611
    24.084590304,2499348169,309758541,308691539,269683075,271797536,0,0,0,0,0,0,2385796,2394789,270281801,1230932856,1233045711,137011970,14146,962162149,0,340681,83578,2460515,2082567,2082576,228198,752834,1225518110,307135847
    24.184924246,508841168,309265880,308300651,269418369,271737586,0,0,0,0,0,0,2370535,2401822,270565293,644840806,253708919,126269651,25209,827846779,0,1093916,463223,254137835,81444751,81444395,969816,295011,498868988,189154157
    24.285298339,1085987134,309389111,309226178,271399896,271810175,0,0,0,0,0,0,2401360,2401367,270816866,777931554,554132804,109517774,13667,880601421,0,3148120,637721,122987422,149019321,149019888,1093311,4329771,648657294,206123238
    24.385652879,999739000,309242284,308936155,271606853,272027927,0,0,0,0,0,0,2394788,2404920,271568448,948813375,441269709,154974882,13738,864894644,0,1373945,3168323,109024640,84085693,84069553,2032044,3368226,774727928,218914082
    24.486073866,1557980971,308980933,309874212,271470452,272088376,0,0,0,0,0,0,2402168,2402183,270365780,751438331,729993921,175742684,16742,884850986,0,944618,456273,184659649,74799666,73595309,2729096,552822,974885406,271677483
    24.586499754,1052568150,308796891,309471864,271873853,272051128,0,0,0,0,0,0,2403148,2403136,270915279,706014327,567710306,94877592,13670,1037548664,0,4008348,252745,191667284,127032102,127031648,4199986,5795141,592992720,194502716
    24.686882447,1030570763,309280497,308864456,271293603,271810266,0,0,0,0,0,0,2401674,2401690,270728658,811567548,544833538,117527717,11982,611219271,0,1988218,583877,197008917,132531317,132531799,5988901,6406544,617642573,200386636
    24.787229342,1432179203,309621039,308917401,271783740,271926240,0,0,0,0,0,0,2398933,2399141,270728088,1041523561,815761268,206431720,13014,1144429086,0,188511,84929,31719585,38235383,38235213,1330263,781840,1031099591,266591411
    24.887580481,501963394,308140323,309196122,271806977,271790548,0,0,0,0,0,0,2397114,2400340,271018325,1234648802,232708906,137435536,29176,958200337,0,425240,91496,349866576,101071788,101071991,5484426,328226,521693941,212714569
    24.987963249,927295119,308605181,309039189,271500814,271856244,0,0,0,0,0,0,2402188,2402208,270027279,707903864,449871330,136972284,14821,728410420,0,12492687,865892,309607636,225362474,202503978,4372200,4855933,602265663,194803801
    25.088296735,1086914381,309329028,309101019,271290620,271754772,0,0,0,0,0,0,2401447,2401452,270669895,731677362,562367605,96108388,12306,739796889,0,2185458,267483,155999665,124061368,124031230,2458368,4875032,650163754,206955463
    25.188611967,2074254471,308819143,308778374,271209370,271857605,0,0,0,0,0,0,2397243,2397468,270535127,1234954993,1057919276,137415900,9717,954409852,0,439116,103034,21701299,19134352,19127753,923258,400939,1058123662,285622636
    25.288935985,780878558,308653552,309255292,269396645,271756492,0,0,0,0,0,0,2400771,2400771,270621605,756770297,252133915,178400213,15179,885993661,0,1110462,466862,293070984,76198896,76198693,936656,310038,773138346,234184963
    25.389259942,1097399733,309226218,309326521,271381903,271765798,0,0,0,0,0,0,2400995,2400993,270717136,698908299,579367484,93923999,17042,925520625,0,3115053,465821,205669729,123873605,123873642,5090127,6216459,656601440,208083383
    25.489559522,935260119,308497242,308398122,271214755,271739261,0,0,0,0,0,0,2400344,2400343,270493686,752181627,503388892,102961630,11872,1049719403,0,3881096,507773,115358452,99000703,99000664,1573622,4144385,564589935,179373059
    25.589878139,1855182055,309046285,308647353,271720459,271811625,0,0,0,0,0,0,2400098,2400203,270989738,975113902,677101729,144075803,11821,972041952,0,20183325,143019,423296650,135698291,135698284,15271735,1249505,1182761358,300541815
    25.690189325,501408304,309057421,308285279,271376220,271674455,0,0,0,0,0,0,2285546,2400877,270622562,677089200,230170964,130429304,25281,878278673,0,873214,481190,382462524,108000356,108000394,5384578,335592,523723635,213816767
    25.790544094,794170081,308674208,308633713,271265500,271585755,0,0,0,0,0,0,2400908,2400919,270620309,726548014,334083863,99119368,17223,992084346,0,3650866,367860,156996530,120928421,120928910,1490101,2220793,514525998,194461582
    25.890873473,1346586211,309398191,309148468,269753073,271773836,0,0,0,0,0,0,2385088,2401560,270937529,1055460428,709950839,209207933,13520,1148528309,0,154090,77371,85785636,90523742,90523283,1414282,2065455,731822230,224660525
    25.991214541,1439128592,308911209,309011545,271817399,271852505,0,0,0,0,0,0,2380994,2396823,270821690,1237463696,871457603,137698743,10361,962510948,0,361270,77417,2971024,2242495,2242496,281203,1118665,730778122,231420829
    26.091542145,810165377,307956011,308896881,271270614,271654099,0,0,0,0,0,0,2380897,2391529,269265176,705152766,358433643,177935390,11294,853209279,0,1638036,359851,249382391,79629258,79629288,1055715,275639,598708475,192822438
    26.191905267,1095136965,309377191,309167724,271471763,271844844,0,0,0,0,0,0,2401676,2401675,270339574,711919957,565344229,95525090,13769,1058539239,0,4140142,253231,152714104,140161595,140162021,2334255,4912681,660467681,209594954
    26.292191372,1772827917,308452532,309160469,271173678,271678839,0,0,0,0,0,0,2396503,2399079,270532889,829132668,888746535,117049222,10353,832331569,0,1389842,524277,40993302,27625568,27625560,1609428,4466,994593144,277247900
    26.392567737,2502784741,309851545,309105918,270595500,271913693,0,0,0,0,0,0,2304986,2399417,270405716,617733303,1234459596,97542641,39197,359816625,0,955774,627719,2925663,2552264,2552266,248078,812099,1235357020,309224201
    26.492940969,649084364,308212200,308649244,271356134,271931022,0,0,0,0,0,0,2402326,2402313,270850735,788605318,335463992,133100984,20587,752110154,0,1384393,587118,401403591,110309409,110308894,5307609,394309,498661893,183661981
    26.593268369,1060024444,308950699,309142109,271523234,271743562,0,0,0,0,0,0,2377885,2399937,270486789,719064941,551247871,96910429,14651,1028129920,0,3920234,368597,205047718,127971309,127971790,5861665,6313684,634191973,202370299
    26.693604465,1224750675,309606242,308638782,271792145,271733562,0,0,0,0,0,0,2365609,2404373,271492325,1062359504,657010614,210713253,8152,1145279682,0,151345,88014,4185145,5615145,5615149,455966,1747352,866133990,245344573
    26.793958677,510763888,308878294,309317182,271467300,271818452,0,0,0,0,0,0,2383966,2403387,271286872,1012786212,236913174,117640874,20745,532289093,0,791768,545494,384418301,106306799,106306421,5896512,346905,522045999,213304941
    26.894283790,1073775922,309101603,308822932,271324423,271631223,0,0,0,0,0,0,2372442,2395297,270161712,650886876,552404724,145057864,13252,807872223,0,2673919,502990,194980814,154125976,154125999,5046369,6254171,620058471,198761556
    26.994570937,1060302570,309111972,308920747,271353240,271591242,0,0,0,0,0,0,2087005,2398606,270383885,668632909,544311657,88270358,26472,1046067673,0,3862384,247577,183426443,128722993,128723327,3012140,4998315,652868853,207717388
    27.094949130,1779775217,309746480,309741321,270233098,272062415,0,0,0,0,0,0,2384749,2398219,270505165,1020773311,886320655,172884039,14530,1000180982,0,2734119,267739,41373899,39881579,38347832,1620799,4066,1010329156,280965792
    27.195257356,2505288326,309735363,308522316,271354472,271752933,0,0,0,0,0,0,2400265,2400264,270304303,844351749,1235311637,123229155,15736,906126639,0,1935621,259630,2863176,2131908,2131908,256769,814872,1157757668,293895441
    27.295572749,583661116,309217340,308336478,271422967,271697923,0,0,0,0,0,0,2400250,2400252,270474424,704363000,344340743,94302117,18536,1052734008,0,3783107,280505,205466227,106128027,106127954,1736350,2586315,494421703,185650800
    27.395914544,1072045514,309124919,308792650,271356774,271662887,0,0,0,0,0,0,2372738,2401280,270570659,843102006,496663050,121664136,10775,816702309,0,1936928,519596,107064123,85320918,85320892,1278679,3708147,726439402,215963941
    27.496222360,2495306773,308541040,309078963,271372224,271848878,0,0,0,0,0,0,2404312,2404316,271422930,933915508,1230452337,153706551,17662,935308777,0,536918,4242281,2762993,3337648,3337653,246679,807763,1226218081,307687037
    27.596521133,545529297,307796394,308114846,271139500,271626041,0,0,0,0,0,0,2393360,2393576,269543893,776704331,230119187,182830134,12648,871800939,0,967039,504158,368511059,104344984,104185874,5184503,343294,497811177,189780042
    27.696882697,1087014847,308905251,309059147,271249479,271673885,0,0,0,0,0,0,2277652,2394039,269530708,696523699,559462420,92774803,16835,1051636111,0,3889948,259465,143545993,142853330,142853612,1846411,4631408,648725375,205332135
    27.797232444,1039525847,309064115,309173458,271020658,271809518,0,0,0,0,0,0,2402261,2404407,270972986,830694448,561448291,127748184,11731,576791487,0,1069959,543032,218929465,117730023,117730016,7243167,7010954,643983405,206902464
    27.897596496,1445937470,309721206,308852268,271942472,271893259,0,0,0,0,0,0,2405467,2405475,271665226,1158307463,824656301,169964571,10520,1050195548,0,437527,92488,33619648,38420904,38421056,1392672,648070,1032422215,266245984
    27.998018208,585262773,308418201,309443427,271591679,272026816,0,0,0,0,0,0,2396944,2397159,270406090,705765970,315291618,178723306,11411,860996635,0,1465868,418962,312472138,137853196,126242827,5949383,2810149,525571329,214247389
    28.098393592,1069272252,309211825,309236645,271644299,271842841,0,0,0,0,0,0,2394178,2402255,270826802,711506195,555596503,95143480,10667,819783866,0,2846650,519769,200451036,107405238,107404663,4986275,6122916,631000390,201300980
    28.198651643,1784613338,309559176,309278708,271074787,271666317,0,0,0,0,0,0,2368681,2399817,270434565,607564359,889544922,84791311,14604,744461501,0,305213,157685,40721280,39989929,39989916,1610690,4061,984583828,275572313
    28.298968594,931881740,309150030,308924792,271149147,271713301,0,0,0,0,0,0,2366773,2397329,270511026,1228332079,604871461,136851066,12236,961283552,0,386363,88483,89542090,2603564,2603565,1681940,4443540,659839329,208668831
    28.399292160,971798707,308105906,308401561,271705788,271767842,0,0,0,0,0,0,2404288,2404310,270515426,1060547550,597940393,208447425,24755,1125293386,0,956376,100002,3007449,5310441,4042937,250207,186425,690913677,203065307
    28.499607141,1118910049,308543741,309646273,271395266,271910893,0,0,0,0,0,0,2393997,2399550,269396332,94574540,557964722,12368528,13104,94866073,0,370030,1158942,3345099,84155716,82103555,27497,8488,799966215,227270681
    28.599890995,1121325507,309594455,309482734,271281035,271769665,0,0,0,0,0,0,2400831,2400834,270747475,493668129,559295543,115996355,12905,820195384,0,2755403,664733,4354532,793003,793004,27073,10879,800421401,227612966
    28.700223137,1117980286,309677464,308914454,271520984,271838009,0,0,0,0,0,0,1484340,2401182,270504899,723810064,556085249,185045927,71139,1036279843,0,3080101,383040,4476889,1911513,902895,34460,10285,800566877,227622845
    28.800558082,874317861,308857456,308600071,271549680,271758356,0,0,0,0,0,0,2372313,2397024,270714292,903449359,502309703,221544400,11800,1032953542,0,3061766,399734,5134963,775264,775265,38252,8237,553368524,176715967
    28.900840872,207673688,309283736,308488610,271647040,271697885,0,0,0,0,0,0,2403826,2403823,271485127,902986732,91787818,221540281,11721,1033710728,0,3063217,378976,245889334,245710636,245711145,3662392,9929,80392555,53866585
    29.001164882,362615569,309403926,308735030,271726878,271894041,0,0,0,0,0,0,2396976,2404069,271132316,758158124,90268554,176015998,17010,95409132,0,571124,1029902,245806452,244099632,244098983,3699744,9378,497105389,154675250
    29.101517914,1122679909,308652130,309663967,271472714,271949979,0,0,0,0,0,0,2389473,2403272,270243033,89196388,561029379,11707750,15805,94848308,0,438053,1156788,3132863,149161735,149161846,27461,8108,798143981,226884477
    29.201829646,1121160977,309679388,309649260,271437991,271915584,0,0,0,0,0,0,2336179,2399026,270235191,92684036,559382874,12137325,14109,89762448,0,362858,1128930,4292551,4734508,966076,28506,8783,800578591,227716028
    29.302110540,1120752771,309578448,309522953,271437254,271814747,0,0,0,0,0,0,2401162,2401162,270605684,803765149,558664328,196516261,13818,1025075308,0,3621103,481069,4514938,914814,914813,27579,9076,801141140,227735991
    29.402442720,1116311153,309730804,308374697,271706649,271749632,0,0,0,0,0,0,2396760,2396945,270810832,903330963,557207179,221635560,10282,1008116224,0,6947386,433808,5013419,2110224,873157,28516,8828,761359139,225076509
    29.502797610,486204089,308888226,309406256,271796739,271865051,0,0,0,0,0,0,2404901,2404901,271615444,902992466,298531705,221509751,10035,1035083977,0,3107494,400979,126212831,184724642,182865857,1795526,8917,207048367,91307319
    29.603103075,326217106,309406985,308964355,271699849,271774273,0,0,0,0,0,0,2399313,2404177,271509643,811033298,91453614,192573745,11934,197276292,0,386003,1298644,244089126,243545423,243544692,3793069,10634,358535529,121968591
    29.703432626,1120210421,308551995,309687664,271474745,271923049,0,0,0,0,0,0,2350386,2399434,270894001,93012855,558674645,12184559,13783,100385284,0,366848,1181276,3383063,85604799,85604743,27559,9412,799320894,227295406
    29.803827421,1123053565,309907037,309842338,271573275,272074316,0,0,0,0,0,0,2365793,2395147,270216206,80627262,560467950,10632138,17775,244409111,0,1099320,1060885,4569723,779650,779650,28786,11595,801676903,227934338
    29.904117452,1119049694,309611199,309574719,271385113,271834717,0,0,0,0,0,0,2356132,2402188,270853127,902048428,558335660,221602293,11489,1028200643,0,3121060,404069,4439422,776939,776940,33120,9001,799193428,227594117
    30.004448518,1117450255,309771799,308658351,270685981,271827160,0,0,0,0,0,0,2398645,2398822,271207044,900963061,558577263,220582497,14085,1029743025,0,3859023,534497,5058452,821605,821606,27541,9105,686835436,211641084
    30.104769366,346307312,308232001,309299313,271727804,271754953,0,0,0,0,0,0,2404585,2404585,271575617,899714359,268071177,220831584,15738,1018435327,0,5213099,401369,85446470,57010541,56744233,2155064,751649,78927105,51443215
    30.205056339,302422768,309051653,309249266,271608987,271755293,0,0,0,0,0,0,2403876,2403875,271471294,554372879,112851982,123040295,15189,95235457,0,380841,1227168,250267418,252448445,251524612,3424032,9304,179213785,77098260
    30.305383419,1116844710,309002180,309167374,271466501,271897274,0,0,0,0,0,0,2399075,2399302,270883532,92784981,558064670,12140254,13781,98512653,0,434650,1199324,3049195,692287,692286,29751,9683,797646697,227922741
    30.405718009,1119182780,309719275,309769676,271436426,271950150,0,0,0,0,0,0,2387603,2395898,269988798,89617394,557514620,11742651,18579,877721652,0,3081632,448911,4413421,831841,831844,27868,9983,799736064,227720749
    30.506053967,1119660477,309776893,309726557,271680141,271901384,0,0,0,0,0,0,2390717,2391152,270149943,901182907,558282737,220839456,13335,1036094205,0,3043437,380889,4534416,860728,860728,27142,7902,799075780,227313978
    30.606351415,1042425456,309627565,308514034,271662330,271711702,0,0,0,0,0,0,2394871,2399858,270707950,902696197,554685842,221535021,9855,1035490032,0,3046518,380629,9996244,834525,834524,31302,8320,511882852,168589722
    30.706694399,206905698,309341858,309097082,271762056,271734613,0,0,0,0,0,0,2293242,2405244,271550236,898974132,104576419,220600860,28842,1033450508,0,2963713,381707,232700181,66975983,66975931,3038646,167766,77244613,49336740
    30.807020098,185235734,309213329,309011286,271675473,271732671,0,0,0,0,0,0,2396368,2403570,267551536,565824262,87941370,127550399,34548,561736214,0,3627948,1496978,247977616,247183027,247183476,3538075,10932,71866321,48011472
    30.907314638,774985069,309287923,308781890,271344214,271830566,0,0,0,0,0,0,2398277,2398500,270807578,94474074,337593079,12340895,13027,98155916,0,411246,1188339,124998807,123660333,123609296,1842109,9867,654694056,193320961
    31.007695799,1107017834,309160822,309754160,271614891,271989464,0,0,0,0,0,0,2381693,2400520,270733940,88560351,550609061,11598511,14555,471849832,0,1781589,1080988,4552737,3005737,3005736,28511,9939,792772621,227075828
    31.052270302,<not counted>,<not counted>,137560547,118234906,120828648,0,0,0,0,0,0,1060265,1066090,91741504,229856515,<not counted>,32294141,148645,<not counted>,<not counted>,<not counted>,<not counted>,<not counted>,<not counted>,<not counted>,<not counted>,<not counted>,<not counted>,<not counted>
